variant,client,dataset,throttle,fault,mode,n,invalid,count_mismatch,screen_status,error_codes,t_data_ms_median,t_data_ms_min,t_data_ms_max,t_complete_ms_median,t_complete_ms_min,t_complete_ms_max,client_requests_median,client_requests_min,client_requests_max,preflight_median,preflight_min,preflight_max,user_calls_median,user_calls_min,user_calls_max,order_calls_median,order_calls_min,order_calls_max,product_calls_median,product_calls_min,product_calls_max,cache_hits_median,cache_hits_min,cache_hits_max,user_db_median,user_db_min,user_db_max,order_db_median,order_db_min,order_db_max,product_db_median,product_db_min,product_db_max,payload_bytes_median,payload_bytes_min,payload_bytes_max,payload_gzip_bytes_median,payload_gzip_bytes_min,payload_gzip_bytes_max,timed_out_median,timed_out_min,timed_out_max
baseline,web,large,none,none,cold,5,0,0,ok,,132.5,109.8,153,211,173.7,343.1,3,3,3,0,0,0,1,1,1,1,1,1,1,1,1,0,0,0,1,1,1,2,2,2,1,1,1,96047,96047,96047,5176,5176,5176,0,0,0
bff,web,large,none,none,cold,5,0,0,ok,,138.3,111,158.6,216,171,254.7,1,1,1,0,0,0,1,1,1,1,1,1,1,1,1,0,0,0,1,1,1,2,2,2,1,1,1,94452,94452,94452,4737,4737,4737,0,0,0
gql-naive,web,large,none,none,cold,5,0,0,ok,,429.8,394.5,505.1,532.4,459.7,603,1,1,1,1,1,1,1,1,1,1,1,1,399,399,399,0,0,0,1,1,1,2,2,2,399,399,399,94461,94461,94461,4744,4744,4744,0,0,0
gql-batched,web,large,none,none,cold,5,0,0,ok,,178.9,146.6,185.4,267.4,252.1,290.7,1,1,1,1,1,1,1,1,1,1,1,1,1,1,1,369,369,369,1,1,1,2,2,2,1,1,1,94461,94461,94461,4744,4744,4744,0,0,0
bff,mobile,large,none,none,cold,5,0,0,ok,,134,104.2,154,225.5,203.8,228,1,1,1,0,0,0,0,0,0,1,1,1,1,1,1,0,0,0,0,0,0,2,2,2,1,1,1,38996,38996,38996,1670,1670,1670,0,0,0
gql-naive,mobile,large,none,none,cold,5,0,0,ok,,393.9,371.4,438.9,472.8,463.6,522.6,1,1,1,1,1,1,0,0,0,1,1,1,399,399,399,0,0,0,0,0,0,2,2,2,399,399,399,39011,39011,39011,1684,1684,1684,0,0,0
gql-batched,mobile,large,none,none,cold,5,0,0,ok,,127.1,110.5,170.7,232,174.9,243.1,1,1,1,1,1,1,0,0,0,1,1,1,1,1,1,369,369,369,0,0,0,2,2,2,1,1,1,39011,39011,39011,1684,1684,1684,0,0,0
baseline,web,large,none,none,warm,25,0,0,ok,,114.3,80.6,147.5,193.3,149,1149.2,3,3,3,0,0,0,1,1,1,1,1,1,1,1,1,0,0,0,1,1,1,2,2,2,1,1,1,96047,96047,96047,5176,5176,5176,0,0,0
bff,web,large,none,none,warm,25,0,0,ok,,83.8,67.7,140.7,156.3,124.6,221.7,1,1,1,0,0,0,1,1,1,1,1,1,1,1,1,0,0,0,1,1,1,2,2,2,1,1,1,94452,94452,94452,4737,4737,4737,0,0,0
gql-naive,web,large,none,none,warm,25,0,0,ok,,321.9,144.9,387,395.8,227.7,480.7,1,1,1,1,1,1,1,1,1,1,1,1,399,399,399,0,0,0,1,1,1,2,2,2,399,399,399,94461,94461,94461,4744,4744,4744,0,0,0
gql-batched,web,large,none,none,warm,25,0,0,ok,,114.8,74.2,158.7,182.9,136.3,242.6,1,1,1,1,1,1,1,1,1,1,1,1,1,1,1,369,369,369,1,1,1,2,2,2,1,1,1,94461,94461,94461,4744,4744,4744,0,0,0
bff,mobile,large,none,none,warm,25,0,0,ok,,69.1,39.7,106.3,144.3,106.6,207.1,1,1,1,0,0,0,0,0,0,1,1,1,1,1,1,0,0,0,0,0,0,2,2,2,1,1,1,38996,38996,38996,1670,1670,1670,0,0,0
gql-naive,mobile,large,none,none,warm,25,0,0,ok,,291.9,114.9,389.8,363.8,175.6,476.2,1,1,1,1,1,1,0,0,0,1,1,1,399,399,399,0,0,0,0,0,0,2,2,2,399,399,399,39011,39011,39011,1684,1684,1684,0,0,0
gql-batched,mobile,large,none,none,warm,25,0,0,ok,,81.4,52.6,126.3,151.7,106.2,199.3,1,1,1,1,1,1,0,0,0,1,1,1,1,1,1,369,369,369,0,0,0,2,2,2,1,1,1,39011,39011,39011,1684,1684,1684,0,0,0
baseline,web,large,rtt100,none,warm,5,0,0,ok,,455.6,435.5,458.3,988.2,963.7,1002.3,3,3,3,0,0,0,1,1,1,1,1,1,1,1,1,0,0,0,1,1,1,2,2,2,1,1,1,96047,96047,96047,5176,5176,5176,0,0,0
bff,web,large,rtt100,none,warm,5,0,0,ok,,203,184.1,223.5,763.5,717.1,776.5,1,1,1,0,0,0,1,1,1,1,1,1,1,1,1,0,0,0,1,1,1,2,2,2,1,1,1,94452,94452,94452,4737,4737,4737,0,0,0
gql-naive,web,large,rtt100,none,warm,5,0,0,ok,,192.9,177.7,229.4,713.5,689.4,777.1,1,1,1,1,1,1,1,1,1,1,1,1,399,399,399,0,0,0,1,1,1,2,2,2,399,399,399,94461,94461,94461,4744,4744,4744,0,0,0
gql-batched,web,large,rtt100,none,warm,5,0,0,ok,,173.9,171.1,184.3,681.9,668.9,706,1,1,1,1,1,1,1,1,1,1,1,1,1,1,1,369,369,369,1,1,1,2,2,2,1,1,1,94461,94461,94461,4744,4744,4744,0,0,0
bff,mobile,large,rtt100,none,warm,5,0,0,ok,,178.8,168.6,190.8,716.3,653.3,721.4,1,1,1,0,0,0,0,0,0,1,1,1,1,1,1,0,0,0,0,0,0,2,2,2,1,1,1,38996,38996,38996,1670,1670,1670,0,0,0
gql-naive,mobile,large,rtt100,none,warm,5,0,0,ok,,175.6,151,191.5,707,675.3,716.7,1,1,1,1,1,1,0,0,0,1,1,1,399,399,399,0,0,0,0,0,0,2,2,2,399,399,399,39011,39011,39011,1684,1684,1684,0,0,0
gql-batched,mobile,large,rtt100,none,warm,5,0,0,ok,,164.9,164.3,184.7,719.3,692.6,724.6,1,1,1,1,1,1,0,0,0,1,1,1,1,1,1,369,369,369,0,0,0,2,2,2,1,1,1,39011,39011,39011,1684,1684,1684,0,0,0
bff,web,small,none,delay300,warm,5,0,0,ok,,351.3,349.9,358.9,396.2,390.1,403.4,1,1,1,0,0,0,1,1,1,1,1,1,1,1,1,0,0,0,1,1,1,2,2,2,1,1,1,4775,4775,4775,851,851,851,0,0,0
gql-batched,web,small,none,delay300,warm,5,0,0,ok,,359.5,349.1,370.2,404,395.7,423.6,1,1,1,1,1,1,1,1,1,1,1,1,1,1,1,13,13,13,1,1,1,2,2,2,1,1,1,4784,4784,4784,860,860,860,0,0,0
bff,mobile,small,none,delay300,warm,5,0,0,ok,,347.5,344.9,348.6,397.4,390.5,405.6,1,1,1,0,0,0,0,0,0,1,1,1,1,1,1,0,0,0,0,0,0,2,2,2,1,1,1,1923,1923,1923,332,332,332,0,0,0
gql-batched,mobile,small,none,delay300,warm,5,0,0,ok,,353,337.6,357.4,399.2,385.7,403,1,1,1,1,1,1,0,0,0,1,1,1,1,1,1,13,13,13,0,0,0,2,2,2,1,1,1,1938,1938,1938,343,343,343,0,0,0
bff,web,small,none,delay3000,warm,5,0,0,partial,PRODUCT_TIMEOUT,1064.6,1044.1,1071.6,1108.3,1088.3,1115.6,1,1,1,0,0,0,1,1,1,1,1,1,1,1,1,0,0,0,1,1,1,2,2,2,0,0,0,6129,6129,6129,833,833,833,1,1,1
gql-batched,web,small,none,delay3000,warm,5,0,0,partial,PRODUCT_TIMEOUT,1071.2,1048,1077.4,1114.3,1097.3,1120.4,1,1,1,1,1,1,1,1,1,1,1,1,1,1,1,13,13,13,1,1,1,2,2,2,0,0,0,6993,6993,6993,867,867,867,1,1,1
bff,mobile,small,none,delay3000,warm,5,0,0,partial,PRODUCT_TIMEOUT,1047.9,1036.4,1055.1,1091.9,1078.2,1105.3,1,1,1,0,0,0,0,0,0,1,1,1,1,1,1,0,0,0,0,0,0,2,2,2,0,0,0,3813,3813,3813,372,372,372,1,1,1
gql-batched,mobile,small,none,delay3000,warm,5,0,0,partial,PRODUCT_TIMEOUT,1056.9,1054.7,1057.9,1104.1,1098.4,1106.9,1,1,1,1,1,1,0,0,0,1,1,1,1,1,1,13,13,13,0,0,0,2,2,2,0,0,0,4626,4626,4626,410,410,410,1,1,1
bff,web,small,none,error500,warm,5,0,0,partial,PRODUCT_UNAVAILABLE,42,38.4,49.8,88.3,86.1,101.5,1,1,1,0,0,0,1,1,1,1,1,1,1,1,1,0,0,0,1,1,1,2,2,2,0,0,0,6053,6053,6053,834,834,834,0,0,0
gql-batched,web,small,none,error500,warm,5,0,0,partial,PRODUCT_UNAVAILABLE,41.4,38.3,53.5,90.1,83.5,95.8,1,1,1,1,1,1,1,1,1,1,1,1,1,1,1,13,13,13,1,1,1,2,2,2,0,0,0,6917,6917,6917,863,863,863,0,0,0
bff,mobile,small,none,error500,warm,5,0,0,partial,PRODUCT_UNAVAILABLE,36.4,28.8,42.1,87.1,76.4,97.7,1,1,1,0,0,0,0,0,0,1,1,1,1,1,1,0,0,0,0,0,0,2,2,2,0,0,0,3737,3737,3737,375,375,375,0,0,0
gql-batched,mobile,small,none,error500,warm,5,0,0,partial,PRODUCT_UNAVAILABLE,38.6,36.1,40.6,83.6,77.5,86.7,1,1,1,1,1,1,0,0,0,1,1,1,1,1,1,13,13,13,0,0,0,2,2,2,0,0,0,4550,4550,4550,411,411,411,0,0,0
bff,web,small,none,hang,warm,5,0,0,partial,PRODUCT_TIMEOUT,1051.3,1042.1,1064.8,1099.8,1094.3,1114.3,1,1,1,0,0,0,1,1,1,1,1,1,1,1,1,0,0,0,1,1,1,2,2,2,0,0,0,6129,6129,6129,833,833,833,1,1,1
gql-batched,web,small,none,hang,warm,5,0,0,partial,PRODUCT_TIMEOUT,1051.1,1042.2,1088.8,1106.5,1084.1,1163.3,1,1,1,1,1,1,1,1,1,1,1,1,1,1,1,13,13,13,1,1,1,2,2,2,0,0,0,6993,6993,6993,867,867,867,1,1,1
bff,mobile,small,none,hang,warm,5,0,0,partial,PRODUCT_TIMEOUT,1037.4,1025.7,1040.4,1080.1,1064.9,1092.4,1,1,1,0,0,0,0,0,0,1,1,1,1,1,1,0,0,0,0,0,0,2,2,2,0,0,0,3813,3813,3813,372,372,372,1,1,1
gql-batched,mobile,small,none,hang,warm,5,0,0,partial,PRODUCT_TIMEOUT,1063.6,1058.9,1068,1139.7,1131.9,1152.1,1,1,1,1,1,1,0,0,0,1,1,1,1,1,1,13,13,13,0,0,0,2,2,2,0,0,0,4626,4626,4626,410,410,410,1,1,1
baseline,web,small,none,none,cold,5,0,0,ok,,84.5,64.7,131.3,155.1,144.9,224.5,3,3,3,0,0,0,1,1,1,1,1,1,1,1,1,0,0,0,1,1,1,2,2,2,1,1,1,9413,9413,9413,1270,1270,1270,0,0,0
bff,web,small,none,none,cold,5,0,0,ok,,106.4,80.6,136.4,178.2,153.5,214.7,1,1,1,0,0,0,1,1,1,1,1,1,1,1,1,0,0,0,1,1,1,2,2,2,1,1,1,4775,4775,4775,851,851,851,0,0,0
gql-naive,web,small,none,none,cold,5,0,0,ok,,118.7,110.3,141.8,197.3,175.1,228.2,1,1,1,1,1,1,1,1,1,1,1,1,19,19,19,0,0,0,1,1,1,2,2,2,19,19,19,4784,4784,4784,860,860,860,0,0,0
gql-batched,web,small,none,none,cold,5,0,0,ok,,115.4,90.7,132.2,194.1,150.9,214.6,1,1,1,1,1,1,1,1,1,1,1,1,1,1,1,13,13,13,1,1,1,2,2,2,1,1,1,4784,4784,4784,860,860,860,0,0,0
bff,mobile,small,none,none,cold,5,0,0,ok,,107.8,88.9,135.9,169.7,155.6,243,1,1,1,0,0,0,0,0,0,1,1,1,1,1,1,0,0,0,0,0,0,2,2,2,1,1,1,1923,1923,1923,332,332,332,0,0,0
gql-naive,mobile,small,none,none,cold,5,0,0,ok,,116.6,107,124.6,190.7,180.3,216.5,1,1,1,1,1,1,0,0,0,1,1,1,19,19,19,0,0,0,0,0,0,2,2,2,19,19,19,1938,1938,1938,343,343,343,0,0,0
gql-batched,mobile,small,none,none,cold,5,0,0,ok,,102.5,88.1,139.4,184,160.6,233.1,1,1,1,1,1,1,0,0,0,1,1,1,1,1,1,13,13,13,0,0,0,2,2,2,1,1,1,1938,1938,1938,343,343,343,0,0,0
baseline,web,small,none,none,warm,25,0,0,ok,,82.5,39.3,142.3,147.2,82.8,225.1,3,3,3,0,0,0,1,1,1,1,1,1,1,1,1,0,0,0,1,1,1,2,2,2,1,1,1,9413,9413,9413,1270,1270,1270,0,0,0
bff,web,small,none,none,warm,25,0,0,ok,,51,31,75.6,127,90.2,168.9,1,1,1,0,0,0,1,1,1,1,1,1,1,1,1,0,0,0,1,1,1,2,2,2,1,1,1,4775,4775,4775,851,851,851,0,0,0
gql-naive,web,small,none,none,warm,25,0,0,ok,,66.9,36.5,137.6,146.2,106.1,272,1,1,1,1,1,1,1,1,1,1,1,1,19,19,19,0,0,0,1,1,1,2,2,2,19,19,19,4784,4784,4784,860,860,860,0,0,0
gql-batched,web,small,none,none,warm,25,0,0,ok,,49.4,34.6,80.7,124,100.9,156.5,1,1,1,1,1,1,1,1,1,1,1,1,1,1,1,13,13,13,1,1,1,2,2,2,1,1,1,4784,4784,4784,860,860,860,0,0,0
bff,mobile,small,none,none,warm,25,0,0,ok,,40.1,30.3,70.3,108,87.8,165.9,1,1,1,0,0,0,0,0,0,1,1,1,1,1,1,0,0,0,0,0,0,2,2,2,1,1,1,1923,1923,1923,332,332,332,0,0,0
gql-naive,mobile,small,none,none,warm,25,0,0,ok,,55.1,32.5,97.7,140.1,99.5,186.5,1,1,1,1,1,1,0,0,0,1,1,1,19,19,19,0,0,0,0,0,0,2,2,2,19,19,19,1938,1938,1938,343,343,343,0,0,0
gql-batched,mobile,small,none,none,warm,25,0,0,ok,,47.3,30.6,80.4,130.1,86.5,173.3,1,1,1,1,1,1,0,0,0,1,1,1,1,1,1,13,13,13,0,0,0,2,2,2,1,1,1,1938,1938,1938,343,343,343,0,0,0
baseline,web,small,rtt100,none,warm,5,0,0,ok,,406.5,394.1,421.3,917.8,908.5,943.7,3,3,3,0,0,0,1,1,1,1,1,1,1,1,1,0,0,0,1,1,1,2,2,2,1,1,1,9413,9413,9413,1270,1270,1270,0,0,0
bff,web,small,rtt100,none,warm,5,0,0,ok,,156.5,149.9,163.8,685.6,665.9,698.6,1,1,1,0,0,0,1,1,1,1,1,1,1,1,1,0,0,0,1,1,1,2,2,2,1,1,1,4775,4775,4775,851,851,851,0,0,0
gql-naive,web,small,rtt100,none,warm,5,0,0,ok,,177,156.8,190.9,718.1,683.2,732.8,1,1,1,1,1,1,1,1,1,1,1,1,19,19,19,0,0,0,1,1,1,2,2,2,19,19,19,4784,4784,4784,860,860,860,0,0,0
gql-batched,web,small,rtt100,none,warm,5,0,0,ok,,171.9,162.5,174.8,692.2,671.4,718,1,1,1,1,1,1,1,1,1,1,1,1,1,1,1,13,13,13,1,1,1,2,2,2,1,1,1,4784,4784,4784,860,860,860,0,0,0
bff,mobile,small,rtt100,none,warm,5,0,0,ok,,165.4,155.3,172.7,688.7,671.4,702.1,1,1,1,0,0,0,0,0,0,1,1,1,1,1,1,0,0,0,0,0,0,2,2,2,1,1,1,1923,1923,1923,332,332,332,0,0,0
gql-naive,mobile,small,rtt100,none,warm,5,0,0,ok,,170,155.8,173.1,699.3,675.9,715.3,1,1,1,1,1,1,0,0,0,1,1,1,19,19,19,0,0,0,0,0,0,2,2,2,19,19,19,1938,1938,1938,343,343,343,0,0,0
gql-batched,mobile,small,rtt100,none,warm,5,0,0,ok,,164.9,158.7,166.5,710.2,688.1,751.6,1,1,1,1,1,1,0,0,0,1,1,1,1,1,1,13,13,13,0,0,0,2,2,2,1,1,1,1938,1938,1938,343,343,343,0,0,0
